CREATE DATABASE  IF NOT EXISTS `posco` /*!40100 DEFAULT CHARACTER SET utf8 */;
USE `posco`;
-- MySQL dump 10.13  Distrib 5.7.12, for Win32 (AMD64)
--
-- Host: localhost    Database: posco
-- ------------------------------------------------------
-- Server version	5.7.18-log

/*!40101 SET @OLD_CHARACTER_SET_CLIENT=@@CHARACTER_SET_CLIENT */;
/*!40101 SET @OLD_CHARACTER_SET_RESULTS=@@CHARACTER_SET_RESULTS */;
/*!40101 SET @OLD_COLLATION_CONNECTION=@@COLLATION_CONNECTION */;
/*!40101 SET NAMES utf8 */;
/*!40103 SET @OLD_TIME_ZONE=@@TIME_ZONE */;
/*!40103 SET TIME_ZONE='+00:00' */;
/*!40014 SET @OLD_UNIQUE_CHECKS=@@UNIQUE_CHECKS, UNIQUE_CHECKS=0 */;
/*!40014 SET @OLD_FOREIGN_KEY_CHECKS=@@FOREIGN_KEY_CHECKS, FOREIGN_KEY_CHECKS=0 */;
/*!40101 SET @OLD_SQL_MODE=@@SQL_MODE, SQL_MODE='NO_AUTO_VALUE_ON_ZERO' */;
/*!40111 SET @OLD_SQL_NOTES=@@SQL_NOTES, SQL_NOTES=0 */;

--
-- Table structure for table `fm_pass`
--

DROP TABLE IF EXISTS `fm_pass`;
/*!40101 SET @saved_cs_client     = @@character_set_client */;
/*!40101 SET character_set_client = utf8 */;
CREATE TABLE `fm_pass` (
  `SLAB_NO` varchar(20) NOT NULL DEFAULT '',
  `PASS_NO` int(11) NOT NULL,
  `SET_ROLLGAP` double(22,0) DEFAULT NULL,
  `REAL_ROLLGAP` double(22,0) DEFAULT NULL,
  `DIFF_ROLLGAP` double(22,0) DEFAULT NULL,
  `FM_PRE_WK` double(22,0) DEFAULT NULL,
  `FM_ACT_WK` double(22,0) DEFAULT NULL,
  `FM_KWK` double(22,0) DEFAULT NULL,
  `FM_PRE_WM` double(22,0) DEFAULT NULL,
  `FM_ACT_WM` double(22,0) DEFAULT NULL,
  `FM_KWM` double(22,0) DEFAULT NULL,
  `FM_PRE_MAH` double(22,0) DEFAULT NULL,
  `FM_REC_MAH` double(22,0) DEFAULT NULL,
  `FM_RKT` double(22,0) DEFAULT NULL,
  `FM_PRE_THICK` double(22,0) DEFAULT NULL,
  `FM_Delivery_THICK` double(22,0) DEFAULT NULL,
  `FM_PRE_WIDTH` double(22,0) DEFAULT NULL,
  `FM_REC_WIDTH` double(22,0) DEFAULT NULL,
  `FM_PRE_LENGTH` double(22,0) DEFAULT NULL,
  `FM_REC_LENGTH` double(22,0) DEFAULT NULL,
  `FM_IND_SPEED` double(22,0) DEFAULT NULL,
  `FM_ACT_SPEED` double(22,0) DEFAULT NULL,
  `FM_PRE_TEMP` double(22,0) DEFAULT NULL,
  `FM_REC_TEMP` double(22,0) DEFAULT NULL,
  `DIFF_TEMP` varchar(20) DEFAULT NULL,
  `FM_PRE_REDUCTION` double(22,0) DEFAULT NULL,
  `FM_REC_REDUCTION` double(22,0) DEFAULT NULL,
  `FM_PRE_REL_REDUCTION` double(22,0) DEFAULT NULL,
  `FM_REC_REL_REDUCTION` double(22,0) DEFAULT NULL,
  PRIMARY KEY (`SLAB_NO`,`PASS_NO`),
  KEY `fk_fm_pass_pass1_idx` (`PASS_NO`),
  CONSTRAINT `FKEY_FMPASS` FOREIGN KEY (`SLAB_NO`) REFERENCES `product` (`SLAB_NO`),
  CONSTRAINT `fk_fm_pass_pass1` FOREIGN KEY (`PASS_NO`) REFERENCES `fm_pass_num` (`PASS_NO`) ON DELETE NO ACTION ON UPDATE NO ACTION
) ENGINE=InnoDB DEFAULT CHARSET=utf8mb4;
/*!40101 SET character_set_client = @saved_cs_client */;

--
-- Dumping data for table `fm_pass`
--

LOCK TABLES `fm_pass` WRITE;
/*!40000 ALTER TABLE `fm_pass` DISABLE KEYS */;
INSERT INTO `fm_pass` VALUES ('PP980974',1,129,129,0,5796,5738,1,589,508,1,47523,47703,1,145,131,4134,4134,5586,5586,2,2,938,936,'0',14,15,0,0),('PP980974',2,115,115,0,6305,6726,1,760,675,1,53427,53693,1,131,119,4134,4134,6202,6211,2,2,934,932,'0',13,12,0,0),('PP980974',3,101,101,0,7834,7439,1,778,772,1,54552,54770,1,118,105,4135,4135,6870,6848,2,2,929,928,'0',13,13,0,0),('PP980974',4,91,91,0,6751,6736,1,631,609,1,51351,51661,1,106,94,4135,4135,7689,7717,2,2,926,925,'0',11,11,0,0),('PP980974',5,80,80,0,6918,6959,1,616,591,1,49015,49146,1,94,84,4136,4136,8627,8622,2,2,922,921,'0',11,11,0,0),('PP980974',6,67,67,0,7956,7624,1,733,673,1,46669,46952,1,84,72,4136,4136,9716,9710,2,2,918,916,'0',11,11,0,0),('PP980974',7,56,56,0,8244,7903,1,726,626,1,45163,45208,1,72,61,4136,4136,11239,11263,2,2,913,912,'0',11,11,0,0),('PP980974',8,47,47,-1,8046,7544,1,649,534,1,44195,44228,1,61,52,4137,4137,13291,13271,2,2,908,908,'0',9,9,0,0),('PP980974',9,39,40,-1,7797,7271,1,570,441,1,43760,43818,1,52,44,4137,4137,15645,15611,2,2,901,901,'0',8,8,0,0),('PP980974',10,34,35,0,6777,6447,1,390,336,1,43977,44044,1,44,39,4137,4137,18327,18271,2,2,891,891,'0',6,5,0,0),('PP980974',11,32,32,0,5490,5451,1,256,229,1,45264,45762,2,39,35,4137,4137,20947,20868,2,2,877,873,'0',4,4,0,0),('PP980974',12,29,29,0,5533,5626,1,229,222,1,49909,50325,2,35,32,4138,4138,23188,23082,5,4,856,856,'0',3,3,0,0),('PP980975',1,129,129,0,5800,5803,1,590,513,1,47661,47843,1,146,131,4132,4132,5627,5627,2,2,938,936,'0',14,15,0,0),('PP980975',2,116,116,0,6297,6748,1,763,683,1,53420,53688,1,131,119,4132,4132,6246,6256,2,2,934,932,'0',13,12,0,0),('PP980975',3,101,101,0,7777,7480,1,778,777,2,54516,54699,1,118,106,4133,4133,6919,6895,2,2,929,928,'0',13,13,0,0),('PP980975',4,89,89,0,7426,7269,1,730,717,1,51310,51367,1,106,93,4133,4133,7735,7761,2,2,927,926,'0',12,12,0,0),('PP980975',5,79,79,0,6804,6766,1,619,555,1,48296,48711,1,93,83,4134,4134,8766,8774,2,2,925,922,'0',10,10,0,0),('PP980975',6,66,67,0,8015,7754,1,710,692,1,46270,46556,1,83,71,4134,4134,9875,9874,2,2,919,917,'0',11,11,0,0),('PP980975',7,55,56,0,8221,7849,1,712,611,1,44902,44978,1,71,61,4134,4134,11448,11471,2,2,914,913,'0',11,11,0,0),('PP980975',8,46,47,-1,8078,7545,1,643,529,1,44008,44076,1,61,52,4135,4135,13511,13488,2,2,909,908,'0',9,9,0,0),('PP980975',9,39,40,-1,7773,7155,1,559,427,1,43625,43729,1,51,44,4135,4135,15887,15852,2,2,901,901,'0',7,7,0,0),('PP980975',10,34,35,-1,6768,6380,1,383,329,1,43921,44029,1,44,39,4135,4135,18566,18490,2,2,891,891,'0',6,5,0,0),('PP980975',11,32,32,0,5551,5538,1,256,234,1,45259,45260,2,39,35,4135,4135,21161,21049,2,2,876,876,'0',4,4,0,0),('PP980975',12,29,29,0,5459,5528,1,223,216,1,49348,49819,2,35,32,4136,4136,23388,23298,5,4,859,859,'0',3,3,0,0),('PP980976',1,129,129,0,5823,5779,1,594,513,1,47464,47643,1,146,131,4137,4137,5548,5548,2,2,938,936,'0',14,15,0,0),('PP980976',2,115,115,0,6334,6744,1,766,683,1,53450,53725,1,131,119,4137,4137,6162,6172,2,2,934,932,'0',13,12,0,0),('PP980976',3,101,101,0,7788,7436,1,779,765,2,54613,54795,1,118,105,4138,4138,6828,6805,2,2,929,928,'0',13,13,0,0),('PP980976',4,89,89,0,7393,7223,1,722,709,1,51412,51458,1,106,93,4138,4138,7633,7661,2,2,926,926,'0',12,12,0,0),('PP980976',5,79,79,0,6756,6703,1,610,549,1,48388,48804,1,93,83,4139,4139,8655,8660,2,2,924,922,'0',10,10,0,0),('PP980976',6,67,67,0,7937,7655,1,699,678,1,46375,46654,1,83,71,4139,4139,9745,9743,2,2,919,917,'0',11,11,0,0),('PP980976',7,55,56,-1,8162,7755,1,704,601,1,45029,45098,1,72,61,4139,4139,11288,11303,2,2,913,913,'0',11,11,0,0),('PP980976',8,46,47,-1,8062,7522,1,641,529,1,44156,44216,1,61,52,4140,4140,13306,13275,2,2,908,908,'0',9,9,0,0),('PP980976',9,39,40,-1,7761,7135,1,557,427,1,43754,43865,1,52,44,4140,4140,15641,15604,2,2,901,900,'0',8,7,0,0),('PP980976',10,34,35,0,6771,6431,1,382,334,1,44050,44171,1,44,39,4140,4140,18285,18209,2,2,891,890,'0',6,5,0,0),('PP980976',11,32,32,0,5472,5419,1,250,227,1,45348,45349,2,39,35,4140,4140,20857,20784,2,2,876,876,'0',4,4,0,0),('PP980976',12,29,29,0,5466,5530,1,223,218,1,49458,49924,2,35,32,4141,4141,23072,22969,5,4,859,859,'0',3,3,0,0),('PP980977',1,128,128,0,6186,5885,1,612,531,1,47804,47985,1,145,130,4136,4136,5582,5582,2,2,938,936,'0',15,15,0,0),('PP980977',2,115,115,0,6662,6874,1,775,710,1,53690,53964,1,131,118,4136,4136,6209,6225,2,2,934,932,'0',13,12,0,0),('PP980977',3,101,101,0,7889,7465,1,777,769,2,54731,54927,1,118,105,4137,4137,6891,6883,2,2,929,928,'0',13,13,0,0),('PP980977',4,88,88,0,7436,7312,1,721,721,1,51555,51607,1,105,93,4137,4137,7724,7748,2,2,927,926,'0',12,12,0,0),('PP980977',5,79,79,0,6784,6702,1,607,543,1,48503,48927,1,93,82,4138,4138,8753,8768,2,2,924,922,'0',10,10,0,0),('PP980977',6,66,66,0,7917,7689,1,690,678,1,46550,46822,1,82,71,4138,4138,9864,9853,2,2,919,917,'0',11,11,0,0),('PP980977',7,55,56,0,8130,7745,1,694,596,1,45208,45369,1,71,61,4138,4138,11395,11421,2,2,914,913,'0',11,10,0,0),('PP980977',8,46,47,-1,8037,7488,1,634,522,1,44337,44500,1,60,52,4139,4139,13414,13394,2,2,909,908,'0',9,9,0,0),('PP980977',9,39,40,-1,7790,7197,1,557,432,1,43960,44173,1,52,44,4139,4139,15746,15701,2,2,902,900,'0',7,7,0,0),('PP980977',10,34,35,0,6797,6464,1,383,334,1,44225,44467,1,44,39,4139,4139,18379,18316,2,2,892,890,'0',6,5,0,0),('PP980977',11,32,32,0,5536,5525,1,253,233,1,45511,45654,2,39,35,4139,4139,20959,20878,2,2,877,876,'0',4,4,0,0),('PP980977',12,29,29,0,5441,5508,1,220,214,1,49583,50225,2,35,32,4140,4140,23181,23110,5,4,860,859,'0',3,3,0,0);
/*!40000 ALTER TABLE `fm_pass` ENABLE KEYS */;
UNLOCK TABLES;

--
-- Table structure for table `fm_pass_num`
--

DROP TABLE IF EXISTS `fm_pass_num`;
/*!40101 SET @saved_cs_client     = @@character_set_client */;
/*!40101 SET character_set_client = utf8 */;
CREATE TABLE `fm_pass_num` (
  `PASS_NO` int(11) NOT NULL,
  PRIMARY KEY (`PASS_NO`)
) ENGINE=InnoDB DEFAULT CHARSET=utf8;
/*!40101 SET character_set_client = @saved_cs_client */;

--
-- Dumping data for table `fm_pass_num`
--

LOCK TABLES `fm_pass_num` WRITE;
/*!40000 ALTER TABLE `fm_pass_num` DISABLE KEYS */;
INSERT INTO `fm_pass_num` VALUES (1),(2),(3),(4),(5),(6),(7),(8),(9),(10),(11),(12);
/*!40000 ALTER TABLE `fm_pass_num` ENABLE KEYS */;
UNLOCK TABLES;

--
-- Table structure for table `fm_slab`
--

DROP TABLE IF EXISTS `fm_slab`;
/*!40101 SET @saved_cs_client     = @@character_set_client */;
/*!40101 SET character_set_client = utf8 */;
CREATE TABLE `fm_slab` (
  `SLAB_NO` varchar(20) NOT NULL,
  `OUTER_THICKNESS_DIFF_3P` double(5,3) DEFAULT NULL,
  `OUTER_THICKNESS_DIFF_CEN` double(5,3) DEFAULT NULL,
  `CROWN` double(6,2) DEFAULT NULL,
  `INNER_THICKNESS_DIFF` double(6,2) DEFAULT NULL,
  `UPPER_ROLL_DIA` double(6,2) DEFAULT NULL,
  `UNDER_ROLL_DIA` double(6,2) DEFAULT NULL,
  PRIMARY KEY (`SLAB_NO`),
  CONSTRAINT `FK_SLAB_NO` FOREIGN KEY (`SLAB_NO`) REFERENCES `product` (`SLAB_NO`)
) ENGINE=InnoDB DEFAULT CHARSET=utf8mb4;
/*!40101 SET character_set_client = @saved_cs_client */;

--
-- Dumping data for table `fm_slab`
--

LOCK TABLES `fm_slab` WRITE;
/*!40000 ALTER TABLE `fm_slab` DISABLE KEYS */;
INSERT INTO `fm_slab` VALUES ('PP980974',-0.110,-0.040,0.10,0.39,1154.60,1154.20),('PP980975',-0.110,-0.050,0.15,0.52,1155.61,1155.21),('PP980976',-0.130,-0.080,0.10,0.51,1154.60,1154.20),('PP980977',-0.130,-0.050,0.11,0.39,1154.60,1154.20);
/*!40000 ALTER TABLE `fm_slab` ENABLE KEYS */;
UNLOCK TABLES;

--
-- Table structure for table `furnace`
--

DROP TABLE IF EXISTS `furnace`;
/*!40101 SET @saved_cs_client     = @@character_set_client */;
/*!40101 SET character_set_client = utf8 */;
CREATE TABLE `furnace` (
  `SLAB_NO` varchar(20) NOT NULL,
  `FURNACE_NO` int(10) DEFAULT NULL,
  `FURNACE_COL` int(10) DEFAULT NULL,
  `FURNACE_TIME` int(10) DEFAULT NULL,
  `FURNACE_TIME_GROUP` varchar(20) DEFAULT NULL,
  PRIMARY KEY (`SLAB_NO`),
  CONSTRAINT `FK_FURNACE_1` FOREIGN KEY (`SLAB_NO`) REFERENCES `product` (`SLAB_NO`)
) ENGINE=InnoDB DEFAULT CHARSET=utf8mb4;
/*!40101 SET character_set_client = @saved_cs_client */;

--
-- Dumping data for table `furnace`
--

LOCK TABLES `furnace` WRITE;
/*!40000 ALTER TABLE `furnace` DISABLE KEYS */;
INSERT INTO `furnace` VALUES ('PP980974',2,3,287,'T_300'),('PP980975',2,4,280,'T_280'),('PP980976',1,1,279,'T_280'),('PP980977',1,2,284,'T_300');
/*!40000 ALTER TABLE `furnace` ENABLE KEYS */;
UNLOCK TABLES;

--
-- Table structure for table `product`
--

DROP TABLE IF EXISTS `product`;
/*!40101 SET @saved_cs_client     = @@character_set_client */;
/*!40101 SET character_set_client = utf8 */;
CREATE TABLE `product` (
  `SLAB_NO` varchar(20) NOT NULL DEFAULT '',
  `DATE` varchar(20) DEFAULT NULL,
  `PLATE_STD` varchar(20) DEFAULT NULL,
  `ORDER_TYPE` varchar(20) DEFAULT NULL,
  `GRADE` varchar(20) DEFAULT NULL,
  `SLAB_THICKNESS` double(22,0) DEFAULT NULL,
  `SLAB_WIDTH` double(22,0) DEFAULT NULL,
  `SLAB_LENGTH` double(22,0) DEFAULT NULL,
  `SLAB_WEIGHT` double(22,0) DEFAULT NULL,
  `PLATE_ORD_THICKNESS` double(22,0) DEFAULT NULL,
  `PLATE_ORD_WIDTH` double(22,0) DEFAULT NULL,
  `PLATE_ORD_LENGTH` double(22,0) DEFAULT NULL,
  `PLATE_OBJ_THICKNESS` double(22,0) DEFAULT NULL,
  `PLATE_OBJ_WIDTH` double(22,0) DEFAULT NULL,
  `PLATE_OBJ_THICKNESS_GROUP` varchar(20) DEFAULT NULL,
  `PLATE_OBJ_WIDTH_GROUP` varchar(20) DEFAULT NULL,
  `C` double(22,0) DEFAULT NULL,
  `MN` double(22,0) DEFAULT NULL,
  PRIMARY KEY (`SLAB_NO`)
) ENGINE=InnoDB DEFAULT CHARSET=utf8mb4;
/*!40101 SET character_set_client = @saved_cs_client */;

--
-- Dumping data for table `product`
--

LOCK TABLES `product` WRITE;
/*!40000 ALTER TABLE `product` DISABLE KEYS */;
INSERT INTO `product` VALUES ('PP980974','20170410','API_X60M_L2','S1','API1',300,2400,4620,2,32,4126,25189,32,4136,'P_30','P_4000',1,2),('PP980975','20170411','API_X60M_L3','S2','API1',300,2401,4621,3,33,4127,25190,33,4137,'P_31','P_4001',2,3),('PP980976','20170410','API_X60M_L2','S1','API2',300,2400,4620,2,32,4126,25189,32,4136,'P_30','P_4000',1,2),('PP980977','20170410','API_X60M_L2','S1','API2',301,2400,4620,2,32,4126,25189,32,4136,'P_30','P_4000',1,2);
/*!40000 ALTER TABLE `product` ENABLE KEYS */;
UNLOCK TABLES;

--
-- Table structure for table `quality_result`
--

DROP TABLE IF EXISTS `quality_result`;
/*!40101 SET @saved_cs_client     = @@character_set_client */;
/*!40101 SET character_set_client = utf8 */;
CREATE TABLE `quality_result` (
  `SLAB_NO` varchar(20) NOT NULL,
  `RESULT_COL_1` double DEFAULT NULL,
  `RESULT_COL_2` double DEFAULT NULL,
  `RESULT_COL_3` double DEFAULT NULL,
  `RESULT_COL_4` double DEFAULT NULL,
  `RESULT_COL_5` double DEFAULT NULL,
  `RESULT_COL_6` double DEFAULT NULL,
  PRIMARY KEY (`SLAB_NO`),
  CONSTRAINT `FK_QUALITY_RESULT_1` FOREIGN KEY (`SLAB_NO`) REFERENCES `product` (`SLAB_NO`)
) ENGINE=InnoDB DEFAULT CHARSET=utf8mb4;
/*!40101 SET character_set_client = @saved_cs_client */;

--
-- Dumping data for table `quality_result`
--

LOCK TABLES `quality_result` WRITE;
/*!40000 ALTER TABLE `quality_result` DISABLE KEYS */;
INSERT INTO `quality_result` VALUES ('PP980974',1.5,0.000001,0.000001,0.000001,0.000001,0.000001),('PP980975',1,0,0,0,0,0),('PP980976',1.5,0.000001,0.000001,0.000001,0.000001,0.000001),('PP980977',0,0,0,0,0,0);
/*!40000 ALTER TABLE `quality_result` ENABLE KEYS */;
UNLOCK TABLES;

--
-- Table structure for table `rm_finish_width`
--

DROP TABLE IF EXISTS `rm_finish_width`;
/*!40101 SET @saved_cs_client     = @@character_set_client */;
/*!40101 SET character_set_client = utf8 */;
CREATE TABLE `rm_finish_width` (
  `SLAB_NO` varchar(20) NOT NULL DEFAULT '',
  `PRE_EDGE_REDUCTION` double(22,0) DEFAULT NULL,
  `CAL_EDGE_REDUCTION` double(22,0) DEFAULT NULL,
  `PRE_EDGE_LOAD` double(22,0) DEFAULT NULL,
  `REAL_EDGE_LOAD` double(22,0) DEFAULT NULL,
  `OBJ_SET` double(22,0) DEFAULT NULL,
  `OBJ_REAL` double(22,0) DEFAULT NULL,
  `REAL_SET` double(22,0) DEFAULT NULL,
  PRIMARY KEY (`SLAB_NO`),
  CONSTRAINT `FKEY_FM` FOREIGN KEY (`SLAB_NO`) REFERENCES `product` (`SLAB_NO`)
) ENGINE=InnoDB DEFAULT CHARSET=utf8mb4;
/*!40101 SET character_set_client = @saved_cs_client */;

--
-- Dumping data for table `rm_finish_width`
--

LOCK TABLES `rm_finish_width` WRITE;
/*!40000 ALTER TABLE `rm_finish_width` DISABLE KEYS */;
INSERT INTO `rm_finish_width` VALUES ('PP980974',40,31,242,214,21,-22,43),('PP980975',41,33,244,221,21,-19,40),('PP980976',40,28,238,202,22,-29,51),('PP980977',40,36,239,225,16,-20,36);
/*!40000 ALTER TABLE `rm_finish_width` ENABLE KEYS */;
UNLOCK TABLES;

--
-- Table structure for table `rm_pass`
--

DROP TABLE IF EXISTS `rm_pass`;
/*!40101 SET @saved_cs_client     = @@character_set_client */;
/*!40101 SET character_set_client = utf8 */;
CREATE TABLE `rm_pass` (
  `SLAB_NO` varchar(20) NOT NULL DEFAULT '',
  `PASS_NO` int(11) NOT NULL,
  `SET_ROLLGAP` double(22,0) DEFAULT NULL,
  `REAL_ROLLGAP` double(22,0) DEFAULT NULL,
  `DIFF_ROLLGAP` double(22,0) DEFAULT NULL,
  `RM_PRE_WK` double(22,0) DEFAULT NULL,
  `RM_ACT_WK` double(22,0) DEFAULT NULL,
  `RM_KWK` double(22,0) DEFAULT NULL,
  `RM_PRE_WM` double(22,0) DEFAULT NULL,
  `RM_ACT_WM` double(22,0) DEFAULT NULL,
  `RM_KWM` double(22,0) DEFAULT NULL,
  `RM_PRE_THICK` double(22,0) DEFAULT NULL,
  `RM_Delivery_THICK` double(22,0) DEFAULT NULL,
  `RM_PRE_WIDTH` double(22,0) DEFAULT NULL,
  `RM_REC_WIDTH` double(22,0) DEFAULT NULL,
  `RM_PRE_LENGTH` double(22,0) DEFAULT NULL,
  `RM_REC_LENGTH` double(22,0) DEFAULT NULL,
  `RM_PRE_TEMP` double(22,0) DEFAULT NULL,
  `RM_PRE_REDUCTION` double(22,0) DEFAULT NULL,
  `RM_REC_REDUCTION` double(22,0) DEFAULT NULL,
  `RM_PRE_REL_REDUCTION` double(22,0) DEFAULT NULL,
  `RM_REC_REL_REDUCTION` double(22,0) DEFAULT NULL,
  `SET_EDGGAP` double(22,0) DEFAULT NULL,
  `REAL_EDGGAP` double(22,0) DEFAULT NULL,
  `DIFF_EDEGAP` double(22,0) DEFAULT NULL,
  `RM_IND_SPEED` double(22,0) DEFAULT NULL,
  `RM_ACT_SPEED` double(22,0) DEFAULT NULL,
  PRIMARY KEY (`SLAB_NO`,`PASS_NO`),
  KEY `fk_rm_pass_pass1_idx` (`PASS_NO`),
  CONSTRAINT `FKEY_RP` FOREIGN KEY (`SLAB_NO`) REFERENCES `product` (`SLAB_NO`),
  CONSTRAINT `fk_rm_pass_pass1` FOREIGN KEY (`PASS_NO`) REFERENCES `rm_pass_num` (`PASS_NO`) ON DELETE NO ACTION ON UPDATE NO ACTION
) ENGINE=InnoDB DEFAULT CHARSET=utf8mb4;
/*!40101 SET character_set_client = @saved_cs_client */;

--
-- Dumping data for table `rm_pass`
--

LOCK TABLES `rm_pass` WRITE;
/*!40000 ALTER TABLE `rm_pass` DISABLE KEYS */;
INSERT INTO `rm_pass` VALUES ('PP980974',1,281,281,0,5755,5502,1,655,604,1,300,284,2400,2412,4620,4662,1103,17,16,0,0,4728,4731,3,2,2),('PP980974',2,266,266,0,6296,6096,1,676,634,1,282,268,2554,2551,4660,4663,1099,14,14,0,0,5263,5263,0,2,2),('PP980974',3,252,252,0,5823,5873,1,633,594,1,268,254,2689,2685,4664,4664,1095,15,14,0,0,4725,4728,3,2,2),('PP980974',4,237,237,0,5707,6084,1,615,640,1,253,239,2843,2833,4662,4665,1093,15,14,0,0,5265,5265,0,2,2),('PP980974',5,222,222,0,6119,5939,1,677,627,1,239,224,3012,3000,4665,4665,1088,16,15,0,0,5266,5265,-1,2,2),('PP980974',6,206,206,0,6038,5990,1,676,656,1,224,209,3208,3202,4666,4666,1086,16,16,0,0,5267,5265,-2,2,2),('PP980974',7,189,189,0,6108,6057,1,706,685,1,209,192,3450,3441,4667,4667,1081,17,16,0,0,5267,5266,-2,2,2),('PP980974',8,171,172,-1,6340,6232,1,752,720,1,192,175,3745,3734,4668,4668,1078,18,17,0,0,5268,5267,-1,2,2),('PP980974',9,156,157,0,5331,4887,1,594,476,1,175,159,4115,4136,4669,4669,1064,16,16,0,0,4191,4195,4,1,1),('PP980974',10,142,141,0,5127,5650,1,524,593,1,160,145,4130,4133,5089,5081,1060,15,14,0,0,4734,4735,1,3,3),('PP980975',1,281,281,0,5860,5790,1,666,635,1,300,284,2400,2413,4620,4689,1100,17,16,0,0,4755,4758,3,2,2),('PP980975',2,266,266,0,6605,6341,1,712,669,1,282,268,2555,2549,4687,4690,1096,14,14,0,0,5290,5290,0,2,2),('PP980975',3,252,252,0,6059,6037,1,663,617,1,268,254,2687,2684,4690,4690,1092,15,14,0,0,4755,4758,3,2,2),('PP980975',4,237,238,0,5863,6280,1,637,659,1,254,240,2842,2834,4688,4691,1090,15,14,0,0,5292,5291,-1,2,2),('PP980975',5,222,222,0,6322,6148,1,696,657,1,239,224,3012,3000,4692,4692,1085,16,15,0,0,5293,5291,-2,2,2),('PP980975',6,206,206,0,6240,6277,1,700,697,1,225,209,3207,3201,4693,4693,1083,16,15,0,0,5293,5292,-1,2,2),('PP980975',7,189,189,0,6424,6171,1,744,689,1,209,192,3448,3438,4694,4694,1079,17,17,0,0,5294,5293,-1,2,2),('PP980975',8,171,171,0,6426,6535,1,762,777,1,193,175,3741,3734,4694,4694,1076,18,17,0,0,5295,5293,-2,2,2),('PP980975',9,156,156,0,5514,5134,1,617,513,2,175,159,4115,4135,4695,4695,1063,16,16,0,0,4190,4193,3,1,1),('PP980975',10,142,141,0,5025,5584,1,511,573,1,160,146,4128,4132,5127,5140,1059,14,14,0,0,4732,4736,4,3,3),('PP980976',1,279,280,-1,5622,5495,1,635,608,1,300,284,2400,2418,4620,4662,1107,16,16,0,0,4726,4730,4,2,2),('PP980976',2,264,265,0,6337,6026,1,696,634,1,280,266,2560,2551,4660,4663,1104,14,14,0,0,5264,5263,-1,2,2),('PP980976',3,250,251,0,5780,5732,1,633,578,1,266,252,2689,2686,4664,4664,1099,15,14,0,0,4723,4726,3,2,2),('PP980976',4,236,236,0,5564,6010,1,600,623,1,252,238,2844,2836,4662,4665,1097,15,14,0,0,5266,5265,-1,2,2),('PP980976',5,220,221,0,6054,5885,1,663,622,1,238,222,3014,3001,4666,4666,1092,15,15,0,0,5267,5265,-2,2,2),('PP980976',6,205,205,0,5954,6000,1,663,656,1,223,208,3209,3204,4667,4667,1090,16,15,0,0,5267,5266,-1,2,2),('PP980976',7,188,188,0,6140,5879,1,711,647,1,207,191,3451,3441,4668,4668,1085,17,17,0,0,5268,5267,-1,2,2),('PP980976',8,170,171,0,6056,6146,1,703,703,1,191,174,3746,3740,4668,4668,1082,17,17,0,0,5269,5267,-2,2,2),('PP980976',9,156,156,0,5147,4855,1,563,470,1,174,158,4114,4139,4669,4669,1068,15,16,0,0,4196,4210,14,1,1),('PP980976',10,142,142,0,4815,5384,1,483,545,1,159,146,4133,4136,5075,5083,1064,14,13,0,0,4736,4737,1,3,3),('PP980977',2,265,265,0,6465,6169,1,700,648,1,281,267,2554,2546,4680,4682,1102,14,14,0,0,5283,5282,-1,2,2),('PP980977',3,251,251,0,5909,6054,1,642,626,1,267,253,2683,2681,4683,4683,1097,15,14,0,0,4743,4737,-6,2,2),('PP980977',4,236,236,0,5881,6135,1,646,640,1,253,238,2839,2831,4681,4678,1095,15,14,0,0,5278,5278,0,2,2),('PP980977',5,221,221,0,6207,6034,1,688,648,1,238,223,3011,3000,4679,4679,1091,16,15,0,0,5279,5279,0,2,2),('PP980977',6,205,205,0,6138,6214,1,696,684,1,224,208,3209,3202,4679,4679,1088,16,15,0,0,5280,5279,-1,2,2),('PP980977',7,188,188,0,6370,6039,1,738,673,1,208,191,3451,3440,4680,4680,1084,17,17,0,0,5281,5279,-2,2,2),('PP980977',8,170,171,0,6266,6328,1,738,734,1,191,174,3746,3740,4681,4681,1081,18,17,0,0,5281,5280,-2,2,2),('PP980977',9,156,156,0,5238,4926,1,576,480,1,174,158,4120,4138,4682,4682,1067,15,16,0,0,4194,4198,4,1,1),('PP980977',10,142,141,0,4942,5546,1,494,566,1,159,146,4131,4135,5098,5103,1063,14,14,0,0,4735,4737,1,3,3);
/*!40000 ALTER TABLE `rm_pass` ENABLE KEYS */;
UNLOCK TABLES;

--
-- Table structure for table `rm_pass_num`
--

DROP TABLE IF EXISTS `rm_pass_num`;
/*!40101 SET @saved_cs_client     = @@character_set_client */;
/*!40101 SET character_set_client = utf8 */;
CREATE TABLE `rm_pass_num` (
  `PASS_NO` int(11) NOT NULL,
  PRIMARY KEY (`PASS_NO`)
) ENGINE=InnoDB DEFAULT CHARSET=utf8;
/*!40101 SET character_set_client = @saved_cs_client */;

--
-- Dumping data for table `rm_pass_num`
--

LOCK TABLES `rm_pass_num` WRITE;
/*!40000 ALTER TABLE `rm_pass_num` DISABLE KEYS */;
INSERT INTO `rm_pass_num` VALUES (1),(2),(3),(4),(5),(6),(7),(8),(9),(10),(11),(12),(13),(14),(15);
/*!40000 ALTER TABLE `rm_pass_num` ENABLE KEYS */;
UNLOCK TABLES;

--
-- Table structure for table `rm_slab`
--

DROP TABLE IF EXISTS `rm_slab`;
/*!40101 SET @saved_cs_client     = @@character_set_client */;
/*!40101 SET character_set_client = utf8 */;
CREATE TABLE `rm_slab` (
  `SLAB_NO` varchar(20) NOT NULL,
  `BAR_OBJ_THICKNESS` double(22,0) DEFAULT NULL,
  `BAR_REAL_THICKNESS` double(22,0) DEFAULT NULL,
  `BAR_REAL_THICKNESS_GROUP` varchar(20) DEFAULT NULL,
  `BAR_REAL_WIDTH` double(22,0) DEFAULT NULL,
  `BAR_REAL_WIDTH_GROUP` varchar(20) DEFAULT NULL,
  `BAR_REAL_LENGTH` double(22,0) DEFAULT NULL,
  `BAR_REAL_LENGTH_GROUP` varchar(20) DEFAULT NULL,
  `UPPER_ROLL_DIA` double(22,0) DEFAULT NULL,
  `UNDER_ROLL_DIA` double(22,0) DEFAULT NULL,
  PRIMARY KEY (`SLAB_NO`),
  CONSTRAINT `FKEY` FOREIGN KEY (`SLAB_NO`) REFERENCES `product` (`SLAB_NO`)
) ENGINE=InnoDB DEFAULT CHARSET=utf8mb4;
/*!40101 SET character_set_client = @saved_cs_client */;

--
-- Dumping data for table `rm_slab`
--

LOCK TABLES `rm_slab` WRITE;
/*!40000 ALTER TABLE `rm_slab` DISABLE KEYS */;
INSERT INTO `rm_slab` VALUES ('PP980974',145,145,'~150',4134,'~4500',5586,'~6000',1201,1201),('PP980975',146,146,'~150',4133,'~4500',5627,'~6000',1202,1202),('PP980976',145,146,'~150',4137,'~4500',5548,'~6000',1201,1201),('PP980977',145,145,'~150',4136,'~4500',5582,'~6000',1201,1201);
/*!40000 ALTER TABLE `rm_slab` ENABLE KEYS */;
UNLOCK TABLES;

--
-- Table structure for table `temperature`
--

DROP TABLE IF EXISTS `temperature`;
/*!40101 SET @saved_cs_client     = @@character_set_client */;
/*!40101 SET character_set_client = utf8 */;
CREATE TABLE `temperature` (
  `SLAB_NO` varchar(20) NOT NULL,
  `FUR_IN` double(22,0) DEFAULT NULL,
  `FUR_OUT` double(22,0) DEFAULT NULL,
  `FUR_OBJ` double(22,0) DEFAULT NULL,
  `FUR_UNI1` double(22,0) DEFAULT NULL,
  `FUR_UNI2` double(22,0) DEFAULT NULL,
  `RM_IN` double(22,0) DEFAULT NULL,
  `RM_OUT` double(22,0) DEFAULT NULL,
  `RM_OUT_GROUP` varchar(20) DEFAULT NULL,
  `FM_IN` double(22,0) DEFAULT NULL,
  `FM_OUT` double(22,0) DEFAULT NULL,
  `FM_IN_OBJ` double(22,0) DEFAULT NULL,
  `FM_OUT_OBJ` double(22,0) DEFAULT NULL,
  PRIMARY KEY (`SLAB_NO`),
  CONSTRAINT `FK_temperature_1` FOREIGN KEY (`SLAB_NO`) REFERENCES `product` (`SLAB_NO`)
) ENGINE=InnoDB DEFAULT CHARSET=utf8mb4;
/*!40101 SET character_set_client = @saved_cs_client */;

--
-- Dumping data for table `temperature`
--

LOCK TABLES `temperature` WRITE;
/*!40000 ALTER TABLE `temperature` DISABLE KEYS */;
INSERT INTO `temperature` VALUES ('PP980974',256,1126,0,0,0,1102,1029,'T_1040',936,856,940,850),('PP980975',252,1124,1,1,1,1099,1026,'T_1040',937,859,941,851),('PP980976',256,1127,0,0,0,1107,1032,'T_1040',936,859,940,850),('PP980977',250,1124,0,0,0,1105,1031,'T_1040',936,859,940,850);
/*!40000 ALTER TABLE `temperature` ENABLE KEYS */;
UNLOCK TABLES;

--
-- Table structure for table `time`
--

DROP TABLE IF EXISTS `time`;
/*!40101 SET @saved_cs_client     = @@character_set_client */;
/*!40101 SET character_set_client = utf8 */;
CREATE TABLE `time` (
  `SLAB_NO` varchar(20) NOT NULL,
  `TIME_FUR_IN` int(11) DEFAULT NULL,
  `TIME_FUR_OUT` int(11) DEFAULT NULL,
  `TIME_RM_IN` int(11) DEFAULT NULL,
  `TIME_RM_OUT` int(11) DEFAULT NULL,
  `TIME_FM_IN` int(11) DEFAULT NULL,
  `TIME_FM_OUT` int(11) DEFAULT NULL,
  PRIMARY KEY (`SLAB_NO`),
  CONSTRAINT `FK_TIME_1` FOREIGN KEY (`SLAB_NO`) REFERENCES `product` (`SLAB_NO`)
) ENGINE=InnoDB DEFAULT CHARSET=utf8mb4;
/*!40101 SET character_set_client = @saved_cs_client */;

--
-- Dumping data for table `time`
--

LOCK TABLES `time` WRITE;
/*!40000 ALTER TABLE `time` DISABLE KEYS */;
INSERT INTO `time` VALUES ('PP980974',7500,24660,24780,25320,17820,17820),('PP980975',8160,24900,25020,25560,17400,17400),('PP980976',8340,25140,25200,25800,17400,17400),('PP980977',8280,25380,25440,25980,17700,17700);
/*!40000 ALTER TABLE `time` ENABLE KEYS */;
UNLOCK TABLES;
/*!40103 SET TIME_ZONE=@OLD_TIME_ZONE */;

/*!40101 SET SQL_MODE=@OLD_SQL_MODE */;
/*!40014 SET FOREIGN_KEY_CHECKS=@OLD_FOREIGN_KEY_CHECKS */;
/*!40014 SET UNIQUE_CHECKS=@OLD_UNIQUE_CHECKS */;
/*!40101 SET CHARACTER_SET_CLIENT=@OLD_CHARACTER_SET_CLIENT */;
/*!40101 SET CHARACTER_SET_RESULTS=@OLD_CHARACTER_SET_RESULTS */;
/*!40101 SET COLLATION_CONNECTION=@OLD_COLLATION_CONNECTION */;
/*!40111 SET SQL_NOTES=@OLD_SQL_NOTES */;

-- Dump completed on 2017-12-13 22:18:23
