[Type: Postech2019_Src],[Date: 08/29/19 09:39:44],,,,,,,,,,,,,,,,,,,
X1_InP,X2_InP,X3_InP,X4_InP,X5_InP,X6_InP,X7_InP,X8_InP,X9_InP,X10_InP,X11_InP,X12_InP,X13_InP,X14_InP,????,Post??,????????,|????-??????|,|Post??-??????|,??,????
3.086,235.23,235.09,613.6,1067.3,1172,1242,1225,250,1531,2544,0.26458,4,16,232.5136616,230.046,8.13,,,,0.00277
3.086,213.7,213.52,613.7,1081.8,1221.8,1242,1222,250,1531,2544,0.26458,4,16,211.1685055,208.919,8.13,,,,0.00277
3.086,192.13,191.93,613.8,1111.5,1267.2,1242,1217,250,1531,2544,0.26458,4,16,189.8001524,187.772,8.13,,,,0.00277
3.086,170.47,170.37,613.8,1169.6,1257.4,1242,1212,250,1531,2544,0.26458,4,16,168.3864048,166.561,8.13,,,,0.00277
3.086,136.31,136.28,732.7,4093.6,4057,1242,1196,250,1531,2544,0.26458,4,16,137.3260831,136.478,8.13,,,,0.00277
3.086,109.6,109.51,732.7,4029.4,4155,1242,1192,250,1531,2544,0.26458,4,16,110.8969038,110.294,8.13,,,,0.00277
3.086,84.77,84.69,732.8,4273.1,4422.2,1242,1184,250,1531,2544,0.26458,4,16,86.64342725,86.235,8.13,,,,0.00277
3.086,62.62,62.63,732.8,4543,4556,1242,1177,250,1531,2544,0.26458,4,16,64.93389105,64.719,8.13,,,,0.00277
3.086,42.68,42.69,732.8,5032.1,5043.9,1242,1166,250,1531,2544,0.26458,4,16,45.84249365,45.755,8.13,,,,0.00277
3.086,29.18,29.17,732.8,4961.7,4967.1,1242,1152,250,1531,2544,0.26458,4,16,32.32695125,32.348,8.13,,,,0.00277
3.086,20.15,19.85,732.9,4858.9,5127.3,1242,1136,250,1531,2544,0.26458,4,16,23.32216165,23.397,8.13,,,,0.00277
3.086,14.24,14.05,732.9,4806.3,4991.8,1242,1111,250,1531,2544,0.26458,4,16,17.40929725,17.505,8.13,,,,0.00277
3.086,10.56,10.38,732.9,4704.7,4877.9,1242,1073,250,1531,2544,0.26458,4,16,13.65996815,13.748,8.13,,,,0.00277
3.086,8.18,8.16,732.9,4615.9,4627.9,1242,1035,250,1531,2544,0.26458,4,16,11.15642355,11.227,8.13,,,,0.00277
3.086,6.96,7.08,732.9,4276,4177.3,1242,987,250,1531,2544,0.26458,4,16,9.517619147,9.562,8.13,,,,0.00277
3.086,4.35,4.42,732.9,5159.7,5096.2,1242,922,250,1531,2544,0.26458,4,16,8.277668547,8.182,8.13,0.147668547,0.052,Post??,0.00277
3.086,237.88,237.75,613.7,944.9,1040,1235,1220,250,1521,2665,0.19452,4,16,235.0042918,232.461,8.22,,,,0.00277
3.086,219.29,219.15,613.7,957.8,1072.8,1235,1217,250,1521,2665,0.19452,4,16,216.5862342,214.234,8.22,,,,0.00277
3.086,200.62,200.51,613.8,1025.6,1097,1235,1212,250,1521,2665,0.19452,4,16,198.1161106,195.955,8.22,,,,0.00277
3.086,181.96,181.93,613.8,1052,1086,1235,1207,250,1521,2665,0.19452,4,16,179.6607896,177.673,8.22,,,,0.00277
3.086,147.68,147.63,730.5,4017.2,3815.5,1235,1194,250,1521,2665,0.19452,4,16,148.2945974,147.346,8.22,,,,0.00277
3.086,120.01,119.92,730.5,3990.9,3871,1235,1190,250,1521,2665,0.19452,4,16,120.8666859,120.172,8.22,,,,0.00277
3.086,94.52,94.47,730.6,4106,4084.8,1235,1183,250,1521,2665,0.19452,4,16,95.91851982,95.426,8.22,,,,0.00277
3.086,72.09,72.25,730.6,4243.6,4124,1235,1175,250,1521,2665,0.19452,4,16,73.92916122,73.62,8.22,,,,0.00277
3.086,53.18,53.34,730.7,4396.2,4264.7,1235,1163,250,1521,2665,0.19452,4,16,55.36717212,55.208,8.22,,,,0.00277
3.086,37.74,38.04,730.7,4604.4,4349.5,1235,1151,250,1521,2665,0.19452,4,16,40.31301752,40.273,8.22,,,,0.00277
3.086,26.88,26.96,730.7,4581,4511.1,1235,1136,250,1521,2665,0.19452,4,16,29.56096752,29.589,8.22,,,,0.00277
3.086,18.92,18.92,730.7,4626.8,4633.9,1235,1119,250,1521,2665,0.19452,4,16,21.77728632,21.839,8.22,,,,0.00277
3.086,13.12,12.95,730.7,4806.1,4971.9,1235,1087,250,1521,2665,0.19452,4,16,16.37709942,16.425,8.22,,,,0.00277
3.086,9.01,8.82,730.7,5005.8,5179.5,1235,1059,250,1521,2665,0.19452,4,16,12.61191292,12.638,8.22,,,,0.00277
3.086,6.18,6.05,730.7,5146.2,5274.1,1235,1016,250,1521,2665,0.19452,4,16,10.06088082,10.039,8.22,,,,0.00277
3.086,4.31,4.47,730.7,5235.1,5095.2,1235,961,250,1521,2665,0.19452,4,16,8.320411416,8.243,8.22,0.100411416,0.023,Post??,0.00277
3.036,228.04,227.92,693,2234.9,2352,1241,1221,250,1524,2866,0.19978,6,14,226.2569783,224.51,7.01,,,,0.00277
3.036,202,201.89,693.1,2308.5,2439.5,1241,1218,250,1524,2866,0.19978,6,14,200.5385176,199.044,7.01,,,,0.00277
3.036,176.2,176.06,693.2,2429.6,2543.7,1241,1213,250,1524,2866,0.19978,6,14,175.0399505,173.802,7.01,,,,0.00277
3.036,151.44,151.42,693.2,2505.1,2545.7,1241,1208,250,1524,2866,0.19978,6,14,150.5855193,149.577,7.01,,,,0.00277
3.036,128.67,128.59,693.3,2522.9,2585.5,1241,1202,250,1524,2866,0.19978,6,14,127.9769274,127.181,7.01,,,,0.00277
3.036,107.79,107.79,693.3,2556.3,2565.8,1241,1197,250,1524,2866,0.19978,6,14,107.3035142,106.705,7.01,,,,0.00277
3.036,75.54,75.49,723,4622.4,4663.2,1241,1174,250,1524,2866,0.19978,6,14,77.9403412,77.645,7.01,,,,0.00277
3.036,50.99,50.94,723.1,4925.9,4984.3,1241,1166,250,1524,2866,0.19978,6,14,54.0303037,53.94,7.01,,,,0.00277
3.036,31.08,30.91,723.1,5431.3,5583.1,1241,1154,250,1524,2866,0.19978,6,14,35.0072062,35.038,7.01,,,,0.00277
3.036,17.89,17.46,723.1,5634,6032.6,1241,1134,250,1524,2866,0.19978,6,14,22.3200261,22.415,7.01,,,,0.00277
3.036,9.91,9.46,723.1,5894.7,6318.2,1241,1104,250,1524,2866,0.19978,6,14,14.8270109,14.934,7.01,,,,0.00277
3.036,5.77,5.64,723.1,5896.7,6019.1,1241,1071,250,1524,2866,0.19978,6,14,10.6580699,10.771,7.01,,,,0.00277
3.036,3.87,4.07,723.1,5586.4,5383,1241,1017,250,1524,2866,0.19978,6,14,8.275125003,8.361,7.01,,,,0.00277
3.166,4,4.21,723.1,4644.9,4283.4,1241,936,250,1524,2866,0.19978,6,14,6.964616103,6.879,7.01,0.045383897,0.131,????,0.00277
3.236,216.4,216.86,686.6,3101.7,2735.5,1234,1212,250,1525,2733,0.19452,4,12,215.9036728,214.043,7.25,,,,0.00277
3.236,178.8,179.28,686.6,3298.3,2934.7,1234,1209,250,1525,2733,0.19452,4,12,178.8754082,177.369,7.25,,,,0.00277
3.236,142.96,143.22,686.7,3353.7,3142.8,1234,1205,250,1525,2733,0.19452,4,12,143.3639024,142.206,7.25,,,,0.00277
3.236,109.29,109.48,686.8,3425,3295.2,1234,1201,250,1525,2733,0.19452,4,12,110.0824518,109.237,7.25,,,,0.00277
3.306,77,77.21,719.4,4571.5,4529.8,1234,1180,250,1525,2733,0.19452,4,12,79.50251022,78.917,7.25,,,,0.00277
3.306,51.55,52.35,719.4,4851.3,4483.6,1234,1173,250,1525,2733,0.19452,4,12,54.77873402,54.401,7.25,,,,0.00277
3.306,32.45,32.45,719.5,4962.3,4974.1,1234,1159,250,1525,2733,0.19452,4,12,35.70552502,35.495,7.25,,,,0.00277
3.306,19.78,19.51,719.5,5009.7,5253.8,1234,1142,250,1525,2733,0.19452,4,12,23.27726442,23.14,7.25,,,,0.00277
3.306,11.29,11.01,719.5,5427.8,5701.1,1234,1112,250,1525,2733,0.19452,4,12,15.51844182,15.388,7.25,,,,0.00277
3.306,6.91,6.76,719.5,5396.1,5531.6,1234,1080,250,1525,2733,0.19452,4,12,11.10405012,10.979,7.25,,,,0.00277
3.306,4.87,5.08,719.5,5127,4874.1,1234,1023,250,1525,2733,0.19452,4,12,8.583196916,8.43,7.25,,,,0.00277
3.306,4.44,4.65,719.5,4410.4,4142.7,1234,944,250,1525,2733,0.19452,4,12,7.234930616,7.009,7.25,0.015069384,0.241,????,0.00277
3.256,222.65,222.53,682.9,2322.5,2184.7,1240,1214,250,1178,2660,0.19444,6,14,220.7475029,218.82,7.21,,,,0.00277
3.256,193.85,193.72,682.9,2397.8,2268,1240,1211,250,1178,2660,0.19444,6,14,192.2615712,190.613,7.21,,,,0.00277
3.256,165.6,165.45,683,2501.2,2648,1240,1206,250,1178,2660,0.19444,6,14,164.7559153,163.363,7.21,,,,0.00277
3.256,139.56,139.54,683,2541.4,2577.3,1240,1202,250,1178,2660,0.19444,6,14,138.933375,137.78,7.21,,,,0.00277
3.256,115.82,115.72,683.1,2557.4,2644.5,1240,1196,250,1178,2660,0.19444,6,14,115.381468,114.453,7.21,,,,0.00277
3.256,94.4,94.39,683.1,2588.7,2608,1240,1190,250,1178,2660,0.19444,6,14,94.15896707,93.423,7.21,,,,0.00277
3.256,63.29,63.17,703.9,4431.6,4378.4,1240,1167,250,1178,2660,0.19444,6,14,65.48123127,65.089,7.21,,,,0.00277
3.256,41.67,41.82,703.9,4455.6,4331.8,1240,1159,250,1178,2660,0.19444,6,14,44.24061697,44.023,7.21,,,,0.00277
3.256,26.84,26.75,704,4478,4560.9,1240,1144,250,1178,2660,0.19444,6,14,29.62155187,29.51,7.21,,,,0.00277
3.256,17.02,16.91,704,4617.1,4723.8,1240,1127,250,1178,2660,0.19444,6,14,20.10757627,20.055,7.21,,,,0.00277
3.256,10.73,10.64,704.1,4798.5,4883.9,1240,1094,250,1178,2660,0.19444,6,14,14.15700877,14.104,7.21,,,,0.00277
3.256,7.42,7.4,704.1,4603.8,4627.7,1240,1061,250,1178,2660,0.19444,6,14,10.62560957,10.564,7.21,,,,0.00277
3.216,5.58,5.99,704.1,4364.1,4103.1,1240,1007,250,1178,2660,0.19444,6,14,8.569833473,8.487,7.21,,,,0.00277
3.216,4.6,4.8,704.1,4134.9,3934.8,1240,940,250,1178,2660,0.19444,6,14,7.239005973,7.084,7.21,0.029005973,0.126,????,0.00277
2.471,299.41,298.66,674.5,1487.4,2012.3,1121,1108,302,2228,2515,0.35724,2,24,296.6177142,294.701,32.2,,,,0.00277
2.471,286.24,285.62,674.5,2238.7,2662,1121,1105,302,2228,2515,0.35724,2,24,284.5974246,282.814,32.2,,,,0.00277
2.471,266.07,265.94,666.8,2601.5,3096.2,1121,1098,302,2228,2515,0.35724,2,24,265.8019282,264.125,32.2,,,,0.00277
2.471,246.99,246.97,666.9,2671.3,3125,1121,1096,302,2228,2515,0.35724,2,24,247.0122681,245.494,32.2,,,,0.00277
2.471,227.23,227.17,667,3057.8,3122.2,1121,1093,302,2228,2515,0.35724,2,24,227.3160797,225.988,32.2,,,,0.00277
2.471,208.24,208.23,667.1,3055.2,3058.4,1121,1092,302,2228,2515,0.35724,2,24,208.4171643,207.244,32.2,,,,0.00277
2.471,190.06,189.99,667.1,3040.2,2943.6,1121,1089,302,2228,2515,0.35724,2,24,190.1337243,189.104,32.2,,,,0.00277
2.471,172.52,172.5,667.2,2991.1,2902.5,1121,1087,302,2228,2515,0.35724,2,24,172.7139434,171.815,32.2,,,,0.00277
2.471,155.99,155.9,667.2,2957.1,2721.4,1121,1083,302,2228,2515,0.35724,2,24,155.9618702,155.199,32.2,,,,0.00277
2.471,140.22,140.16,667.3,2930.2,2728.4,1121,1080,302,2228,2515,0.35724,2,24,140.3502516,139.712,32.2,,,,0.00277
2.471,125.75,125.68,667.3,2856.7,2587.9,1121,1077,302,2228,2515,0.35724,2,24,125.7703572,125.236,32.2,,,,0.00277
2.471,112.3,112.27,667.4,2734,2535,1121,1074,302,2228,2515,0.35724,2,24,112.3910055,111.944,32.2,,,,0.00277
2.471,100.22,100.2,667.4,2655.2,2428.6,1121,1069,302,2228,2515,0.35724,2,24,100.2603184,99.899,32.2,,,,0.00277
2.471,89.34,89.33,667.5,2542.9,2402.9,1121,1065,302,2228,2515,0.35724,2,24,89.44246131,89.154,32.2,,,,0.00277
2.471,79.81,79.8,667.5,2425.5,2259.9,1121,1059,302,2228,2515,0.35724,2,24,79.78296801,79.56,32.2,,,,0.00277
2.471,71.7,71.7,667.6,2168.6,2188.3,1121,1053,302,2228,2515,0.35724,2,24,71.66146661,71.471,32.2,,,,0.00277
2.471,64.62,64.63,667.6,2104.9,2077.9,1121,1044,302,2228,2515,0.35724,2,24,64.49462151,64.345,32.2,,,,0.00277
2.471,54.93,54.93,667.7,3854.8,3322.2,1121,851,302,2228,2515,0.35724,2,24,56.87663091,56.776,32.2,,,,0.00277
2.471,48.6,48.85,667.7,3674.1,3520.4,1121,845,302,2228,2515,0.35724,2,24,51.17837611,51.06,32.2,,,,0.00277
2.471,44.28,43.94,667.7,3297.7,3517.2,1121,838,302,2228,2515,0.35724,2,24,46.29487261,46.202,32.2,,,,0.00277
2.471,39.44,39.24,667.7,3492.8,3624.7,1121,828,302,2228,2515,0.35724,2,24,41.79872201,41.723,32.2,,,,0.00277
2.421,35.66,35.42,667.7,3386.1,3545.9,1121,820,302,2228,2515,0.35724,2,24,37.90391291,37.883,32.2,,,,0.00277
2.421,32.67,32.58,667.8,3218,3275.9,1121,808,302,2228,2515,0.35724,2,24,34.72029451,34.684,32.2,,,,0.00277
2.461,30.65,30.67,667.8,2903.9,2889.3,1121,796,302,2228,2515,0.35724,2,24,32.29571981,32.191,32.2,0.095719807,0.009,Post??,0.00277
2.471,299.38,298.55,695.4,1627.8,2220.7,1127,1114,302,2225,2919,0.35724,2,22,296.5622963,294.768,38.36,,,,0.00277
2.471,286.55,286.61,695.4,2455.8,2948.3,1127,1111,302,2225,2919,0.35724,2,22,285.8012413,284.049,38.36,,,,0.00277
2.471,267.87,267.71,666.1,2495.1,3114,1127,1105,302,2225,2919,0.35724,2,22,267.5680031,265.88,38.36,,,,0.00277
2.471,249.32,249.18,666.2,2554.1,2956.8,1127,1102,302,2225,2919,0.35724,2,22,248.931975,247.404,38.36,,,,0.00277
2.471,226.53,226.38,666.3,3253.3,3398,1127,1099,302,2225,2919,0.35724,2,22,226.8999594,225.609,38.36,,,,0.00277
2.471,205.27,205.13,666.3,3279,3106,1127,1097,302,2225,2919,0.35724,2,22,205.3621805,204.244,38.36,,,,0.00277
2.471,184.55,184.47,666.4,3264,3041,1127,1095,302,2225,2919,0.35724,2,22,184.7567195,183.803,38.36,,,,0.00277
2.471,164.85,164.72,666.4,3158.1,3015.9,1127,1093,302,2225,2919,0.35724,2,22,165.114896,164.309,38.36,,,,0.00277
2.471,146.44,146.38,666.5,3119.9,2875.7,1127,1089,302,2225,2919,0.35724,2,22,146.7060138,146.039,38.36,,,,0.00277
2.471,129.27,129.17,666.6,2903.3,2852.5,1127,1087,302,2225,2919,0.35724,2,22,129.5978693,129.051,38.36,,,,0.00277
2.471,113.64,113.57,666.6,2862.1,2718.8,1127,1083,302,2225,2919,0.35724,2,22,113.9178781,113.49,38.36,,,,0.00277
2.471,99.46,99.36,666.7,2798.6,2690.4,1127,1080,302,2225,2919,0.35724,2,22,99.77095521,99.453,38.36,,,,0.00277
2.471,87.05,87,666.8,2685.7,2569,1127,1073,302,2225,2919,0.35724,2,22,87.33746961,87.096,38.36,,,,0.00277
2.471,76.25,76.19,666.8,2577.3,2475.5,1127,1068,302,2225,2919,0.35724,2,22,76.47821391,76.311,38.36,,,,0.00277
2.461,69.01,69.01,666.9,2986.1,2695.6,1127,867,302,2225,2919,0.35724,2,22,69.95059601,69.762,38.36,,,,0.00277
2.461,62.77,62.76,666.9,3026.6,3042.3,1127,864,302,2225,2919,0.35724,2,22,64.26485391,64.107,38.36,,,,0.00277
2.461,57.44,57.22,666.9,3049.6,3200.6,1127,860,302,2225,2919,0.35724,2,22,58.98965691,58.864,38.36,,,,0.00277
2.461,52.22,52.14,666.9,3191.2,3243.1,1127,857,302,2225,2919,0.35724,2,22,54.01244251,53.909,38.36,,,,0.00277
2.461,47.52,47.44,666.9,3229.7,3270.1,1127,851,302,2225,2919,0.35724,2,22,49.39171551,49.309,38.36,,,,0.00277
2.461,43.45,43.39,667,3154.8,3189.8,1127,848,302,2225,2919,0.35724,2,22,45.26053421,45.189,38.36,,,,0.00277
2.461,39.85,39.75,667,3071.5,3128.4,1127,841,302,2225,2919,0.35724,2,22,41.56808341,41.503,38.36,,,,0.00277
2.461,36.71,36.68,667,2964.4,2984.4,1127,835,302,2225,2919,0.35724,2,22,38.32628791,38.262,38.36,0.033712093,0.098,????,0.00277
2.461,280.51,280.43,657.9,3098,2976.8,1120,1109,302,2225,2512,0.35724,0,16,279.9620214,278.262,45.23,,,,0.00277
2.461,256.76,256.71,658,3099,3089.8,1120,1108,302,2225,2512,0.35724,0,16,256.579951,255.069,45.23,,,,0.00277
2.461,233.97,233.93,658.1,3098.8,2926.8,1120,1106,302,2225,2512,0.35724,0,16,233.7174268,232.397,45.23,,,,0.00277
2.461,211.91,211.87,658.2,3077.3,2953.8,1120,1104,302,2225,2512,0.35724,0,16,211.8558342,210.705,45.23,,,,0.00277
2.461,190.82,190.8,658.3,3075.1,2768.4,1120,1101,302,2225,2512,0.35724,0,16,190.6601567,189.675,45.23,,,,0.00277
2.461,170.67,170.6,658.3,3014.5,2728.2,1120,1099,302,2225,2512,0.35724,0,16,170.5452047,169.721,45.23,,,,0.00277
2.461,152.1,152.09,658.4,2765.8,2590.6,1120,1096,302,2225,2512,0.35724,0,16,151.9860112,151.288,45.23,,,,0.00277
2.461,134.61,134.57,658.5,2723.6,2555.6,1120,1093,302,2225,2512,0.35724,0,16,134.5406212,133.979,45.23,,,,0.00277
2.461,118.49,118.66,658.6,2571.6,2459.4,1120,1089,302,2225,2512,0.35724,0,16,118.6302117,118.173,45.23,,,,0.00277
2.461,104.03,104.09,658.6,2488.4,2450.8,1120,1085,302,2225,2512,0.35724,0,16,104.1536764,103.809,45.23,,,,0.00277
2.521,91.07,91.2,658.7,2436.6,2353.9,1120,1081,302,2225,2512,0.35724,0,16,91.22380291,90.903,45.23,,,,0.00277
2.521,79.69,79.73,658.8,2340.9,2311.2,1120,1076,302,2225,2512,0.35724,0,16,79.77741581,79.547,45.23,,,,0.00277
2.521,69.68,69.79,658.8,2282.5,2217.1,1120,1068,302,2225,2512,0.35724,0,16,69.78759561,69.616,45.23,,,,0.00277
2.521,61.2,61.24,658.9,2198.2,2181.8,1120,1061,302,2225,2512,0.35724,0,16,61.25546491,61.141,45.23,,,,0.00277
2.521,53.74,53.97,658.9,2208.9,2067,1120,1052,302,2225,2512,0.35724,0,16,53.89077861,53.815,45.23,,,,0.00277
2.521,44.31,44.33,658.9,2747,2682,1120,1041,302,2225,2512,0.35724,0,16,45.19858261,45.235,45.23,0.031417393,0.005,Post??,0.00277
2.521,287.39,287.2,657.8,2351.6,2574.8,1128,1116,302,2224,3124,0.35724,0,22,286.2135837,284.246,40.4,,,,0.00277
2.521,268.88,268.68,657.9,2367,2875.8,1128,1113,302,2224,3124,0.35724,0,22,268.2760549,266.466,40.4,,,,0.00277
2.521,246.04,245.86,658,3103.5,3010.2,1128,1110,302,2224,3124,0.35724,0,22,245.7632139,244.193,40.4,,,,0.00277
2.521,224.26,224.09,658,3092.4,3080.2,1128,1108,302,2224,3124,0.35724,0,22,224.2550138,222.865,40.4,,,,0.00277
2.521,203.52,203.36,658.1,3078.9,2792,1128,1106,302,2224,3124,0.35724,0,22,203.2414241,202.016,40.4,,,,0.00277
2.521,183.37,183.23,658.1,3019.2,2840.1,1128,1103,302,2224,3124,0.35724,0,22,183.335038,182.261,40.4,,,,0.00277
2.521,164.58,164.44,658.2,2906.3,2671.6,1128,1100,302,2224,3124,0.35724,0,22,164.4361501,163.505,40.4,,,,0.00277
2.521,146.84,146.71,658.3,2823.7,2612.1,1128,1097,302,2224,3124,0.35724,0,22,146.7516684,145.955,40.4,,,,0.00277
2.521,130.54,130.42,658.4,2756.8,2488.8,1128,1094,302,2224,3124,0.35724,0,22,130.4001651,129.728,40.4,,,,0.00277
2.521,115.72,115.64,658.4,2481,2422.4,1128,1091,302,2224,3124,0.35724,0,22,115.6533997,115.078,40.4,,,,0.00277
2.521,102.64,102.53,658.5,2365.2,2316.1,1128,1085,302,2224,3124,0.35724,0,22,102.4906218,102.009,40.4,,,,0.00277
2.521,91.04,90.98,658.6,2241.4,2271,1128,1080,302,2224,3124,0.35724,0,22,90.97379631,90.563,40.4,,,,0.00277
2.521,80.94,80.85,658.6,2191,2145.4,1128,1073,302,2224,3124,0.35724,0,22,80.73851821,80.399,40.4,,,,0.00277
2.521,73.66,73.65,658.7,2874.4,2415.5,1128,871,302,2224,3124,0.35724,0,22,74.24722901,73.915,40.4,,,,0.00277
2.521,67.53,67.85,658.7,2901.5,2701.4,1128,868,302,2224,3124,0.35724,0,22,68.94335981,68.612,40.4,,,,0.00277
2.521,62.66,62.61,658.7,2815.7,2854.1,1128,865,302,2224,3124,0.35724,0,22,63.95303621,63.665,40.4,,,,0.00277
2.521,57.95,57.92,658.8,2827.3,2846.8,1128,861,302,2224,3124,0.35724,0,22,59.29040851,59.023,40.4,,,,0.00277
2.521,53.54,53.51,658.8,2834,2859.4,1128,858,302,2224,3124,0.35724,0,22,54.93409841,54.687,40.4,,,,0.00277
2.471,49.38,49.36,658.8,2847.4,2859.6,1128,853,302,2224,3124,0.35724,0,22,50.81968601,50.643,40.4,,,,0.00277
2.441,45.58,45.56,658.8,2834.3,2850.6,1128,849,302,2224,3124,0.35724,0,22,47.03926291,46.904,40.4,,,,0.00277
2.441,42.08,42.11,658.8,2821.2,2807.6,1128,842,302,2224,3124,0.35724,0,22,43.56412441,43.456,40.4,,,,0.00277
2.381,38.87,39.06,658.8,2800,2731.5,1128,837,302,2224,3124,0.35724,0,22,40.44125731,40.367,40.4,0.041257307,0.033,Post??,0.00277
2.521,285.69,285.6,657.9,2446,2638.2,1125,1114,302,2225,2627,0.35724,0,20,284.6810297,282.769,40.27,,,,0.00277
2.521,266.6,266.47,657.9,2459.9,2856.8,1125,1112,302,2225,2627,0.35724,0,20,266.011578,264.266,40.27,,,,0.00277
2.521,242.05,241.99,658,3145.8,3046.4,1125,1109,302,2225,2627,0.35724,0,20,241.9408864,240.44,40.27,,,,0.00277
2.521,218.79,218.63,658,3126.2,3022.6,1125,1107,302,2225,2627,0.35724,0,20,218.7056448,217.401,40.27,,,,0.00277
2.521,196.52,196.48,658.1,3104.4,2832.2,1125,1105,302,2225,2627,0.35724,0,20,196.4374805,195.306,40.27,,,,0.00277
2.521,175.23,175.12,658.1,3012.1,2788,1125,1103,302,2225,2627,0.35724,0,20,175.1656937,174.202,40.27,,,,0.00277
2.521,155.24,155.21,658.2,2974.2,2675.4,1125,1099,302,2225,2627,0.35724,0,20,155.2399014,154.425,40.27,,,,0.00277
2.521,136.85,136.75,658.2,2929.4,2644.7,1125,1097,302,2225,2627,0.35724,0,20,136.8642936,136.198,40.27,,,,0.00277
2.521,120.03,119.99,658.3,2810,2521.7,1125,1094,302,2225,2627,0.35724,0,20,120.0544236,119.51,40.27,,,,0.00277
2.521,105.09,105.02,658.4,2599.2,2441.8,1125,1090,302,2225,2627,0.35724,0,20,105.0888471,104.647,40.27,,,,0.00277
2.521,91.95,91.93,658.4,2450.4,2337.2,1125,1085,302,2225,2627,0.35724,0,20,91.95654821,91.6,40.27,,,,0.00277
2.521,80.74,80.7,658.5,2328.7,2244.4,1125,1080,302,2225,2627,0.35724,0,20,80.68059071,80.392,40.27,,,,0.00277
2.351,72.03,72.03,658.5,3248,2728.4,1125,871,302,2225,2627,0.35724,0,20,73.03708751,72.954,40.27,,,,0.00277
2.351,65.24,65.23,658.6,3190.7,3014.6,1125,869,302,2225,2627,0.35724,0,20,66.71975191,66.669,40.27,,,,0.00277
2.351,59.69,59.68,658.6,3033.7,3042,1125,864,302,2225,2627,0.35724,0,20,61.26970641,61.225,40.27,,,,0.00277
2.351,54.6,54.58,658.6,3040.7,3059.3,1125,860,302,2225,2627,0.35724,0,20,56.23600581,56.214,40.27,,,,0.00277
2.321,49.85,49.85,658.6,3067.2,3077.2,1125,854,302,2225,2627,0.35724,0,20,51.57374461,51.594,40.27,,,,0.00277
2.321,45.67,45.67,658.7,3025.6,3030.1,1125,849,302,2225,2627,0.35724,0,20,47.36212881,47.395,40.27,,,,0.00277
2.321,41.95,41.91,658.7,2964.7,2985.8,1125,842,302,2225,2627,0.35724,0,20,43.57437481,43.62,40.27,,,,0.00277
2.321,38.68,38.7,658.7,2884.9,2875.6,1125,837,302,2225,2627,0.35724,0,20,40.23983431,40.281,40.27,0.030165693,0.011,Post??,0.00277
2.565,238.15,238.39,720.8,3489,3316.5,1150,1132,250,1520,3734,0.34766,8,20,238.1057955,236.746,11.28,,,,0.00277
2.565,224.16,224.14,720.8,3453.3,3933,1150,1130,250,1520,3734,0.34766,8,20,224.8667794,223.568,11.28,,,,0.00277
2.565,207.42,207.19,720.9,3811.8,3998,1150,1125,250,1520,3734,0.34766,8,20,208.0950363,206.975,11.28,,,,0.00277
2.565,191.55,191.65,720.9,3867,4154.5,1150,1123,250,1520,3734,0.34766,8,20,192.9214017,191.896,11.28,,,,0.00277
2.565,175.37,175.8,720.9,4158.1,3790.3,1150,1119,250,1520,3734,0.34766,8,20,176.643012,175.799,11.28,,,,0.00277
2.565,159.62,160.12,720.9,4179.7,4107.7,1150,1116,250,1520,3734,0.34766,8,20,161.5566644,160.791,11.28,,,,0.00277
2.565,142.32,142.57,720.9,4170.4,3959.5,1150,1111,250,1520,3734,0.34766,8,20,143.8967929,143.313,11.28,,,,0.00277
2.565,125.66,126.73,720.9,4376,3935.2,1150,1108,250,1520,3734,0.34766,8,20,128.1797637,127.682,11.28,,,,0.00277
2.565,105.61,105.56,687.2,3770.7,3917.2,1150,1092,250,1520,3734,0.34766,8,20,107.4613748,107.077,11.28,,,,0.00277
2.532,89.32,89.83,687.2,3217.3,3438.1,1150,1087,250,1520,3734,0.34766,8,20,91.2152807,90.951,11.28,,,,0.00277
2.532,74.38,74.38,687.3,3455.1,3578.8,1150,1078,250,1520,3734,0.34766,8,20,76.0400706,75.929,11.28,,,,0.00277
2.532,60.01,60.54,687.3,3660,3712.2,1150,1071,250,1520,3734,0.34766,8,20,62.530219,62.489,11.28,,,,0.00277
2.532,47.31,47.72,687.3,3835.9,3906.6,1150,1060,250,1520,3734,0.34766,8,20,50.0849836,50.148,11.28,,,,0.00277
2.532,36.36,37.11,687.3,4115,3980.9,1150,1050,250,1520,3734,0.34766,8,20,39.6784159,39.794,11.28,,,,0.00277
2.532,27.72,27.66,687.4,4280.2,4328.3,1150,1033,250,1520,3734,0.34766,8,20,30.7669358,30.988,11.28,,,,0.00277
2.532,20.8,21.56,687.4,4274.3,4072.2,1150,1021,250,1520,3734,0.34766,8,20,24.404544,24.606,11.28,,,,0.00277
2.532,15.61,16.42,687.4,4401.9,4148.3,1150,1001,250,1520,3734,0.34766,8,20,19.4381126,19.653,11.28,,,,0.00277
2.532,11.67,11.52,687.4,4570.5,4689.5,1150,965,250,1520,3734,0.34766,8,20,15.353674,15.605,11.28,,,,0.00277
2.602,9.24,9.45,687.4,4375.2,4212.3,1150,930,250,1520,3734,0.34766,8,20,12.6783368,12.815,11.28,,,,0.00277
2.732,8.47,9.17,687.4,3833,3439.4,1150,882,250,1520,3734,0.34766,8,20,11.3948705,11.306,11.28,0.1148705,0.026,Post??,0.00277
2.682,236.07,236.36,721.2,3862.6,3685,1152,1131,250,1521,3760,0.34766,10,22,236.6231663,235.14,11.16,,,,0.00277
2.682,220.54,221,721.2,4115,4113.5,1152,1129,250,1521,3760,0.34766,10,22,222.0086639,220.61,11.16,,,,0.00277
2.682,202.24,202.33,721.2,4255.7,4192,1152,1125,250,1521,3760,0.34766,10,22,203.554296,202.34,11.16,,,,0.00277
2.682,184.77,185.51,721.2,4440.2,4290,1152,1123,250,1521,3760,0.34766,10,22,187.0351818,185.915,11.16,,,,0.00277
2.682,166.58,167.19,721.3,4602,4131,1152,1119,250,1521,3760,0.34766,10,22,168.5871678,167.659,11.16,,,,0.00277
2.682,149.3,150.55,721.3,4707.9,4138.3,1152,1117,250,1521,3760,0.34766,10,22,152.1162938,151.289,11.16,,,,0.00277
2.682,142.98,142.33,721.3,2350.3,2880,1152,1111,250,1521,3760,0.34766,10,22,142.1233856,141.48,11.16,,,,0.00277
2.682,133.7,132.76,721.3,2411.8,3228.5,1152,1106,250,1521,3760,0.34766,10,22,133.1241615,132.538,11.16,,,,0.00277
2.682,124.08,123.56,721.3,2517.5,2969.2,1152,1099,250,1521,3760,0.34766,10,22,123.6326267,123.133,11.16,,,,0.00277
2.682,114.06,114.29,721.4,3010.3,3200.8,1152,1094,250,1521,3760,0.34766,10,22,114.797358,114.333,11.16,,,,0.00277
2.682,94.21,94.21,702.7,3940.5,4267,1152,1078,250,1521,3760,0.34766,10,22,96.5788344,96.177,11.16,,,,0.00277
2.682,80.12,80.5,702.7,3708.2,3762.8,1152,1073,250,1521,3760,0.34766,10,22,82.2625561,81.964,11.16,,,,0.00277
2.682,65.68,65.7,702.8,3925.2,4145.9,1152,1063,250,1521,3760,0.34766,10,22,68.1106605,67.923,11.16,,,,0.00277
2.632,53.05,53.53,702.8,4043,4149.5,1152,1057,250,1521,3760,0.34766,10,22,56.0638379,55.989,11.16,,,,0.00277
2.632,42.28,42.07,702.8,4201.9,4369.4,1152,1046,250,1521,3760,0.34766,10,22,44.9665489,45.008,11.16,,,,0.00277
2.632,32.48,33.1,702.8,4398.6,4338.6,1152,1037,250,1521,3760,0.34766,10,22,36.0722,36.128,11.16,,,,0.00277
2.632,24.85,25.71,702.8,4646.5,4445.3,1152,1023,250,1521,3760,0.34766,10,22,28.9128245,28.996,11.16,,,,0.00277
2.632,19.33,20.51,702.8,4740.9,4215.6,1152,1011,250,1521,3760,0.34766,10,22,23.4387377,23.554,11.16,,,,0.00277
2.632,14.74,15.85,702.8,4896.1,4380,1152,992,250,1521,3760,0.34766,10,22,19.0688179,19.186,11.16,,,,0.00277
2.572,11.1,11.82,702.8,4924.3,4678.2,1152,968,250,1521,3760,0.34766,10,22,15.518121,15.698,11.16,,,,0.00277
2.572,8.48,8.39,702.8,4961.5,5030.4,1152,923,250,1521,3760,0.34766,10,22,12.6450131,12.816,11.16,,,,0.00277
2.642,7.83,7.83,702.8,4302.4,4308.6,1152,864,250,1521,3760,0.34766,10,22,11.1553558,11.186,11.16,0.0046442,0.026,????,0.00277
2.642,232.54,232.56,682,2704.7,2671.7,1145,1130,250,2026,2834,0.26888,4,16,231.7763368,230.272,11.06,,,,0.00277
2.642,211.83,212.29,682,2815.9,2901.7,1145,1127,250,2026,2834,0.26888,4,16,212.0211705,210.645,11.06,,,,0.00277
2.642,188.15,188.2,682.1,3186.4,3131.5,1145,1124,250,2026,2834,0.26888,4,16,188.387784,187.261,11.06,,,,0.00277
2.642,163.91,164.5,682.1,3211.6,3173,1145,1121,250,2026,2834,0.26888,4,16,164.9581194,163.989,11.06,,,,0.00277
2.642,139.05,139.02,693.1,3432.8,3719.8,1145,1110,250,2026,2834,0.26888,4,16,140.3180534,139.611,11.06,,,,0.00277
2.69,116.95,117.5,693.1,3514.6,3596,1145,1106,250,2026,2834,0.26888,4,16,118.805984,118.205,11.06,,,,0.00277
2.69,96.25,96.22,693.2,3721,3848.7,1145,1099,250,2026,2834,0.26888,4,16,98.00386041,97.611,11.06,,,,0.00277
2.69,76.32,76.81,693.2,3827.8,4005.7,1145,1093,250,2026,2834,0.26888,4,16,79.00395151,78.72,11.06,,,,0.00277
2.69,60.01,59.68,693.2,3935.6,4201.4,1145,1083,250,2026,2834,0.26888,4,16,62.23296901,62.124,11.06,,,,0.00277
2.69,44.92,45.14,693.2,4133,4298.1,1145,1076,250,2026,2834,0.26888,4,16,47.97503961,47.94,11.06,,,,0.00277
2.69,33.61,34.18,693.3,4207.8,4189.1,1145,1066,250,2026,2834,0.26888,4,16,36.96204001,36.99,11.06,,,,0.00277
2.69,24.45,24.88,693.3,4395.2,4441.3,1145,1054,250,2026,2834,0.26888,4,16,28.09800061,28.189,11.06,,,,0.00277
2.69,17.9,18.71,693.3,4498.6,4269.6,1145,1038,250,2026,2834,0.26888,4,16,21.75741171,21.864,11.06,,,,0.00277
2.69,13.04,13.64,693.3,4549.6,4426.2,1145,1017,250,2026,2834,0.26888,4,16,16.96963941,17.1,11.06,,,,0.00277
2.69,9.55,10.39,693.3,4635,4352.1,1145,985,250,2026,2834,0.26888,4,16,13.69012531,13.793,11.06,,,,0.00277
2.6,7.33,6.98,693.3,4574,4852.6,1145,930,250,2026,2834,0.26888,4,16,11.05247951,11.237,11.06,0.007520494,0.177,????,0.00277
2.7,234.41,234.29,679.9,2479.7,2568.7,1151,1134,250,2217,2792,0.20568,4,16,233.3684609,231.763,11.18,,,,0.00277
2.7,213.74,214.12,679.9,2738.4,2836.2,1151,1131,250,2217,2792,0.20568,4,16,213.7614832,212.297,11.18,,,,0.00277
2.7,191.41,191.32,679.9,2913.2,2966.8,1151,1127,250,2217,2792,0.20568,4,16,191.27401,190.04,11.18,,,,0.00277
2.7,167.97,168.42,680,2966.9,3029.8,1151,1125,250,2217,2792,0.20568,4,16,168.6662114,167.593,11.18,,,,0.00277
2.7,146.67,146.66,703.1,3383.3,3560.8,1151,1112,250,2217,2792,0.20568,4,16,147.5732082,146.781,11.18,,,,0.00277
2.7,123.88,124.39,703.2,3808.5,3831.6,1151,1108,250,2217,2792,0.20568,4,16,125.8745067,125.237,11.18,,,,0.00277
2.7,98.48,98.43,703.2,4504.6,4616.9,1151,1101,250,2217,2792,0.20568,4,16,101.1873115,100.771,11.18,,,,0.00277
2.7,75.94,76.45,703.2,4657.3,4725.3,1151,1097,250,2217,2792,0.20568,4,16,79.55875331,79.274,11.18,,,,0.00277
2.7,58.24,58.03,703.3,4649.5,4833.9,1151,1088,250,2217,2792,0.20568,4,16,61.39026991,61.291,11.18,,,,0.00277
2.7,43.33,43.99,703.3,4690,4616,1151,1080,250,2217,2792,0.20568,4,16,47.19466471,47.156,11.18,,,,0.00277
2.7,32.22,32.8,703.3,4711.1,4676.5,1151,1069,250,2217,2792,0.20568,4,16,36.18252801,36.222,11.18,,,,0.00277
2.7,23.55,24.07,703.3,4768.7,4737.6,1151,1058,250,2217,2792,0.20568,4,16,27.61265511,27.702,11.18,,,,0.00277
2.7,17,17.66,703.4,4912.1,4756.5,1151,1041,250,2217,2792,0.20568,4,16,21.29918141,21.412,11.18,,,,0.00277
2.7,12.45,13.04,703.4,4864.4,4756.7,1151,1020,250,2217,2792,0.20568,4,16,16.74191401,16.868,11.18,,,,0.00277
2.73,9.11,9.75,703.4,4953.6,4735.3,1151,986,250,2217,2792,0.20568,4,16,13.49090621,13.573,11.18,,,,0.00277
2.64,7.11,7.4,703.4,4819.5,4707.7,1151,925,250,2217,2792,0.20568,4,16,11.19067541,11.304,11.18,0.01067541,0.124,????,0.00277
2.64,250.03,249.28,660.8,975.3,1512.7,1148,1130,250,2116,2432,0.3408,6,18,246.9144282,245.127,11.96,,,,0.00277
2.64,234.86,235.45,660.8,2235.1,2176.7,1148,1127,250,2116,2432,0.3408,6,18,234.1799223,232.51,11.96,,,,0.00277
2.64,219.07,219.34,660.9,2666.9,2479.3,1148,1124,250,2116,2432,0.3408,6,18,218.581708,217.11,11.96,,,,0.00277
2.64,203.42,204,660.9,2447.9,2401.5,1148,1121,250,2116,2432,0.3408,6,18,203.2771822,201.893,11.96,,,,0.00277
2.64,186.92,186.99,661,2564.4,2501,1148,1117,250,2116,2432,0.3408,6,18,186.4932805,185.296,11.96,,,,0.00277
2.64,169.34,169.99,661,2598.7,2527.6,1148,1114,250,2116,2432,0.3408,6,18,169.6966633,168.597,11.96,,,,0.00277
2.64,161.29,161.29,697,1638.4,2297.8,1148,1103,250,2116,2432,0.3408,6,18,160.3937063,159.53,11.96,,,,0.00277
2.64,135.33,135.83,697,4062.3,4176.4,1148,1098,250,2116,2432,0.3408,6,18,137.7801397,137.12,11.96,,,,0.00277
2.64,108.91,108.9,697.1,4788.2,4568,1148,1093,250,2116,2432,0.3408,6,18,111.5364768,111.147,11.96,,,,0.00277
2.64,83.76,84.27,697.1,5231.9,5000.3,1148,1090,250,2116,2432,0.3408,6,18,87.73455372,87.497,11.96,,,,0.00277
2.64,63.68,63.71,697.1,5159.3,5140.6,1148,1083,250,2116,2432,0.3408,6,18,67.50952532,67.438,11.96,,,,0.00277
2.64,47.14,47.57,697.1,5064.5,5124.4,1148,1078,250,2116,2432,0.3408,6,18,51.50271192,51.516,11.96,,,,0.00277
2.64,35.09,34.95,697.2,4983.4,5084.6,1148,1067,250,2116,2432,0.3408,6,18,38.89104452,39.03,11.96,,,,0.00277
2.64,25.83,26.47,697.2,4891.3,4800.3,1148,1058,250,2116,2432,0.3408,6,18,30.12242652,30.278,11.96,,,,0.00277
2.64,19.16,19.88,697.2,4873.7,4701,1148,1043,250,2116,2432,0.3408,6,18,23.45936542,23.641,11.96,,,,0.00277
2.64,14.19,14.54,697.2,4812.2,4877.5,1148,1026,250,2116,2432,0.3408,6,18,18.42449682,18.636,11.96,,,,0.00277
2.64,10.41,11.01,697.2,4877.3,4749.6,1148,999,250,2116,2432,0.3408,6,18,14.78110352,14.98,11.96,,,,0.00277
2.64,8.19,7.65,697.2,4671.5,5083.5,1148,950,250,2116,2432,0.3408,6,18,11.95108952,12.142,11.96,0.008910476,0.182,????,0.00277
,,,,,,,,,,,,,,,,,,,,
,,,,,,,,,,,,,,,,,,,,
,,,,,,,,,,,,,,,,,,,??,
,,,,,,,,,,,,,,,,,,Post??,7,
,,,,,,,,,,,,,,,,,,????,8,
